,n_shots,expectation_value,time,ref_result
0,10,-0.7108018172720445,1.2840094566345215,-0.6916526310238926
