,n_shots,expectation_value,time,ref_result
0,10,-0.3833478201326772,580.5241255760193,-0.4665843071130376
