,n_shots,expectation_value,time,ref_result
0,1000,-0.44234561214956325,1.076333999633789,-0.45372768044633
