,n_shots,expectation_value,time,ref_result
0,1000,-0.9398533336786454,1.085554838180542,-0.9378934800220216
