,n_shots,expectation_value,time,ref_result
0,10,-0.6717451840272334,1.1459624767303467,-0.6138183228521816
