,n_shots,expectation_value,time,ref_result
0,10,-3.7825534364490063,1891.556883573532,-3.1376114172461245
