,r,E,fci_E,error,n_iters
0,1,-15.177112449454508,-15.19355188052123,0.016439431066721966,5078
1,1.316,-15.302352249234321,-15.331592074198724,0.029239824964403027,4483
2,1.5,-15.302533012498412,-15.334269039790456,0.03173602729204461,5074
3,1.75,-15.276295806549543,-15.313087019563904,0.036791213014360835,4137
4,2,-15.222634151146938,-15.326301928528968,0.10366777738203048,5089
5,2.25,-15.228175502595693,-15.332125440994952,0.10394993839925881,1903
6,2.5,-15.227601062995985,-15.333851035797819,0.10624997280183379,1154
7,2.75,-15.334880806733468,-15.334984745620453,0.00010393888698523313,5040
8,3,-15.335813976434025,-15.335868738185068,5.476175104313086e-05,5017
