,iteration,energy,energy change,iteration duration,params
0,1,-2.0985459368299133,0.0,0.00011658668518066406,[0.]
1,2,-2.098545932738566,4.091347260981593e-09,0.6328125,[1.49011612e-08]
2,3,-2.114124001053363,-0.015578068314797022,0.44782114028930664,[-0.27456567]
3,4,-2.114124003496519,-2.4431558998116998e-09,0.4317295551300049,[-0.27456565]
4,5,-2.1224993413964635,-0.00837533789994449,0.407334566116333,[-0.17190955]
5,6,-2.122499341376225,2.0238477560496904e-11,0.3965263366699219,[-0.17190953]
6,7,-2.122499910200629,-5.688244040236157e-07,0.41922450065612793,[-0.17275294]
7,8,-2.1224999102007667,-1.376676550535194e-13,0.40535998344421387,[-0.17275292]
