,prob_2,prob_meas,exp_value_q_exc,exp_value_f_exc
0,0.01,0.01,0.02613441911102274,0.02990187239937768
1,0.001,0.001,0.035529459202528244,0.0438196902008526
2,0.0001,0.0001,0.03710617608162655,0.04552530908956988
3,1e-05,1e-05,0.03755691039896321,0.04587236080849729
4,0.0,0.0,0.038174220570392096,0.04646982843919648
