,prob_2,prob_meas,exp_value_q_exc,exp_value_f_exc,time_q_exc,time_f_exc
0,0.01,0.01,-0.15083968174625967,-0.06298126930322857,45.37409448623657,50.30451560020447
1,0.001,0.001,-0.1302438445418853,0.02584779030457389,45.71071696281433,49.74289846420288
2,0.0001,0.0001,-0.12463621339083389,0.03151071167024739,45.79010343551636,50.346107482910156
3,1e-05,1e-05,-0.12199437480747741,0.03400937352404411,45.97955799102783,49.4243369102478
4,0.0,0.0,-0.12748547143418537,0.034972539751135706,45.44893503189087,49.138190269470215
