,prob_1,prob_2,prob_meas,time_single_gate,time_cx,time_meas,t1,t2,exact_q_exc,exact_f_exc,exp_value_q_exc,exp_value_f_exc,time_q_exc,time_f_exc
0,0,1e-05,1e-05,0,0,0,50000.0,50000.0,-2.166387448527458,-2.166387448527465,-2.164038882959414,-2.164185551131199,771.2524521350861,961.8055517673492
1,0,1e-06,1e-06,0,0,0,50000.0,50000.0,-2.166387448527458,-2.166387448527465,-2.165996635959667,-2.165734968805366,764.138610124588,957.8876233100891
