,prob_2,prob_meas,exact_q_exc,exact_f_exc,exp_value_q_exc,exp_value_f_exc,time_q_exc,time_f_exc
0,0.01,0.01,-2.166387448527459,-2.1663874485274657,-0.16007514623101116,-0.07620376911845211,46.85473299026489,53.00772976875305
1,0.001,0.001,-2.166387448527459,-2.1663874485274657,-0.1354898374879132,0.008659957858636061,48.2378945350647,52.20053696632385
2,0.0001,0.0001,-2.166387448527459,-2.1663874485274657,-0.1342101146579311,0.026708067273199798,47.31147742271423,53.40160846710205
3,1e-05,1e-05,-2.166387448527459,-2.1663874485274657,-0.13750672726520177,0.016957297114178455,48.70813012123108,52.307761430740356
4,0.0,0.0,-2.166387448527459,-2.1663874485274657,-0.13643547138398276,0.02199694102613005,46.8101372718811,51.16540265083313
