,prob_1,prob_2,prob_meas,time_single_gate,time_cx,time_meas,t1,t2,exact_q_exc,exact_f_exc,exp_value_q_exc,exp_value_f_exc,time_q_exc,time_f_exc
0,0,0.01,0.01,0,50,0,50000.0,50000.0,-2.166387448527459,-2.1663874485274657,-0.8798549027147582,-0.7441089176048825,45.795310974121094,54.11252474784851
1,0,0.001,0.001,0,50,0,50000.0,50000.0,-2.166387448527459,-2.1663874485274657,-1.695803569504317,-1.6072820773745602,48.68302512168884,50.911439418792725
2,0,0.0001,0.0001,0,50,0,50000.0,50000.0,-2.166387448527459,-2.1663874485274657,-1.8246283792132505,-1.7571217478428787,55.13713312149048,59.4970269203186
3,0,1e-05,1e-05,0,50,0,50000.0,50000.0,-2.166387448527459,-2.1663874485274657,-1.8406346215593363,-1.7802729171534897,50.03949999809265,52.529104709625244
4,0,0.0,0.0,0,50,0,50000.0,50000.0,-2.166387448527459,-2.1663874485274657,-1.8413899925038202,-1.7798451545724687,49.28056073188782,54.66227650642395
