,prob_1,prob_2,prob_meas,time_single_gate,time_cx,time_meas,t1,t2,exact_q_exc,exact_f_exc,exp_value_q_exc,exp_value_f_exc,time_q_exc,time_f_exc
0,0,0.01,0.01,0,100,0,50000.0,50000.0,-2.166387448527459,-2.1663874485274657,-0.7834551520073605,-0.6500852226714722,45.07137608528137,53.90890836715698
1,0,0.001,0.001,0,100,0,50000.0,50000.0,-2.166387448527459,-2.1663874485274657,-1.4575296013551382,-1.3387619313738353,50.17008066177368,51.67218542098999
2,0,0.0001,0.0001,0,100,0,50000.0,50000.0,-2.166387448527459,-2.1663874485274657,-1.5609226066852266,-1.4601317448574993,47.86332035064697,52.286407232284546
3,0,1e-05,1e-05,0,100,0,50000.0,50000.0,-2.166387448527459,-2.1663874485274657,-1.5757468850153382,-1.4755254943983709,48.25725317001343,54.65114235877991
4,0,0.0,0.0,0,100,0,50000.0,50000.0,-2.166387448527459,-2.1663874485274657,-1.5757294627007412,-1.4744772145382878,48.95941710472107,52.31293725967407
