,prob_2,prob_meas,exp_value_q_exc,exp_value_f_exc,time_q_exc,time_f_exc
0,0.01,0.01,-0.1554220221136594,-0.07003112179870437,44.45224118232727,48.84026288986206
1,0.001,0.001,-0.12601534120556773,0.022049940131733753,45.230780363082886,49.33481764793396
2,0.0001,0.0001,-0.12514690714356538,0.029303115651855803,45.47924566268921,49.696749687194824
3,1e-05,1e-05,-0.12667901962384412,0.033805943205094564,46.11032724380493,49.183255195617676
4,0.0,0.0,-0.1247831508328126,0.033774662132910666,45.096601724624634,49.50810933113098
