,i,q_energy,q_time,f_energy,f_time
0,1,-2.132981789949451,14.379068374633789,-2.2021884469101467,16.469120979309082
1,2,-2.1629056739402635,16.02395796775818,-2.1577001648460135,18.106948137283325
2,3,-2.1056233033556744,17.090807676315308,-2.117117671064114,18.635415077209473
3,4,-2.1463826313175614,17.87437415122986,-2.1585087032376125,25.02646517753601
4,5,-2.1212016809953416,23.015652179718018,-2.212921827543458,18.990750074386597
5,6,-2.179274614337079,17.117506980895996,-2.1418133133283934,21.922794818878174
