,i,q_energy,q_time,f_energy,f_time
0,1,-2.174502489746906,20.639078855514526,-2.1987290448468393,24.548977613449097
