,i,q_energy,q_time,f_energy,f_time
0,1,-1.6105756305691916,11.718459367752075,-3.080540085523862,13.954344272613525
1,2,-1.8138091222098893,13.118463039398193,-2.718445324904702,13.891939401626587
2,3,-2.4223605504675096,13.36923098564148,-1.612033377768752,14.465699434280396
3,4,-2.5232681850911205,13.166961908340454,-2.0050754964440376,14.640661478042603
