,i,q_energy,q_time,f_energy,f_time
0,1,-2.1206719085488093,17.046802759170532,-2.232746296086625,18.418453693389893
