,n,E,dE,error,n_iters,cnot_count,u1_count,cnot_depth,u1_depth,element,element_qubits,var_parameters
0,1,-1.402968400643992,0.12032421757851619,0.4637275099082554,9,13.0,33,11,11,"d_q_exc_[2, 3]_[4, 5]","[[2, 3], [4, 5]]",-0.6633422313046422
1,2,-1.757506181760765,0.3545377811167729,0.10918972879148248,10,39.0,99,16,17,"d_q_exc_[0, 5]_[2, 7]","[[0, 5], [2, 7]]",0.605907494776977
2,2,-1.757506181760765,0.3545377811167729,0.10918972879148248,10,39.0,99,16,17,"d_q_exc_[1, 4]_[3, 6]","[[1, 4], [3, 6]]",0.6059074947757904
3,3,-1.83811946783064,0.08061328606987517,0.02857644272160731,11,52.0,132,22,22,"d_q_exc_[0, 1]_[6, 7]","[[0, 1], [6, 7]]",-0.2867365090855544
4,4,-1.8665296066373647,0.028410138806724605,0.0001663039148827039,22,78.0,198,33,33,"d_q_exc_[0, 3]_[4, 7]","[[0, 3], [4, 7]]",-0.3504672099753246
5,4,-1.8665296066373647,0.028410138806724605,0.0001663039148827039,22,78.0,198,33,33,"d_q_exc_[1, 2]_[5, 6]","[[1, 2], [5, 6]]",-0.3504672099761888
6,5,-1.8666011771525408,7.157051517614477e-05,9.473339970655914e-05,14,84.0,212,33,33,s_q_exc_3_7,"[[3], [7]]",0.009001968463854251
7,5,-1.8666011771525408,7.157051517614477e-05,9.473339970655914e-05,14,84.0,212,33,33,s_q_exc_2_6,"[[2], [6]]",-0.00900196846414307
8,6,-1.866601237297993,6.014545217425393e-08,9.467325425438489e-05,30,97.0,245,36,42,"d_q_exc_[2, 3]_[4, 5]","[[2, 3], [4, 5]]",-0.04151108071050836
