,n,E,dE,error,n_iters,cnot_count,u1_count,cnot_depth,u1_depth,element,element_qubits,var_parameters
0,1,-1.3855033375337182,0.1256050329583569,0.4809594611846091,7,13.0,33,11,11,"d_q_exc_[2, 3]_[4, 5]","[[2, 3], [4, 5]]",-0.6638265484268961
1,2,-1.7520587163567423,0.366555378823024,0.11440408236158506,13,39.0,99,16,17,"d_q_exc_[1, 4]_[3, 6]","[[1, 4], [3, 6]]",0.6063495948087477
2,2,-1.7520587163567423,0.366555378823024,0.11440408236158506,13,39.0,99,16,17,"d_q_exc_[0, 5]_[2, 7]","[[0, 5], [2, 7]]",0.60634959480515
3,3,-1.83761445073445,0.0855557343777078,0.028848347983877254,11,52.0,132,22,22,"d_q_exc_[0, 1]_[6, 7]","[[0, 1], [6, 7]]",-0.288825429741508
4,4,-1.8663991210176203,0.02878467028317022,6.367770070703216e-05,21,78.0,198,33,33,"d_q_exc_[0, 3]_[4, 7]","[[0, 3], [4, 7]]",-0.36249315287099065
5,4,-1.8663991210176203,0.02878467028317022,6.367770070703216e-05,21,78.0,198,33,33,"d_q_exc_[1, 2]_[5, 6]","[[1, 2], [5, 6]]",-0.3624931528683795
6,5,-1.86642889560509,2.9774587469777458e-05,3.39031132372547e-05,13,84.0,212,33,33,s_q_exc_2_6,"[[2], [6]]",-0.005772107030406889
7,5,-1.86642889560509,2.9774587469777458e-05,3.39031132372547e-05,13,84.0,212,33,33,s_q_exc_3_7,"[[3], [7]]",0.005772107031850611
8,6,-1.8664289132492486,1.764415857863355e-08,3.388546907867607e-05,36,97.0,245,36,42,"d_q_exc_[2, 3]_[4, 5]","[[2, 3], [4, 5]]",-0.034728132357011506
