,r,fci,hf,iqeb
0,1,-0.9486411121296501,-0.7837926540830407,-0.9486411121296492
1,1.5,-0.9486411121296501,-0.7837926540830407,-0.9486411121296492
2,2,-0.9486411121296501,-0.7837926540830407,-0.9486411121296492
3,2.5,-0.9486411121296501,-0.7837926540830407,-0.9486411121296492
4,3,-0.9486411121296501,-0.7837926540830407,-0.9486411121296492
5,3.5,-0.9486411121296501,-0.7837926540830407,-0.9486411121296492
