,prob_2,prob_meas,exact_q_exc,exact_f_exc,exp_value_q_exc,exp_value_f_exc,time_q_exc,time_f_exc
0,0.01,0.01,-2.166387448527459,-2.1663874485274657,-0.9998421116921906,-0.8510109026914443,49.39091777801514,59.57526707649231
1,0.001,0.001,-2.166387448527459,-2.1663874485274657,-1.9845345935357308,-1.9431209843424426,49.80281472206116,53.67860698699951
2,0.0001,0.0001,-2.166387448527459,-2.1663874485274657,-2.148416945914043,-2.141371461089074,47.35419464111328,53.530539751052856
3,1e-05,1e-05,-2.166387448527459,-2.1663874485274657,-2.1656038346971855,-2.164231109463997,50.178560972213745,52.63519072532654
4,0.0,0.0,-2.166387448527459,-2.1663874485274657,-2.165744835930395,-2.167930477336962,46.59044146537781,50.32052707672119
