,prob_1,prob_2,prob_meas,time_single_gate,time_cx,time_meas,t1,t2,exact_q_exc,exact_f_exc,exp_value_q_exc,exp_value_f_exc,time_q_exc,time_f_exc
0,0,0.01,0.01,0,10,0,50000.0,50000.0,-2.166387448527459,-2.1663874485274657,-0.9769458840154805,-0.8244981472893046,47.84565186500549,51.30234169960022
1,0,0.001,0.001,0,10,0,50000.0,50000.0,-2.166387448527459,-2.1663874485274657,-1.9219253313752205,-1.866911427339435,50.148812770843506,56.07884764671326
2,0,0.0001,0.0001,0,10,0,50000.0,50000.0,-2.166387448527459,-2.1663874485274657,-2.077341014884093,-2.0596419116552274,48.093592405319214,58.31173634529114
3,0,1e-05,1e-05,0,10,0,50000.0,50000.0,-2.166387448527459,-2.1663874485274657,-2.093390769360727,-2.0795742088622986,49.24128079414368,52.09209847450256
4,0,0.0,0.0,0,10,0,50000.0,50000.0,-2.166387448527459,-2.1663874485274657,-2.0984571450188705,-2.0799785938809703,47.1941282749176,53.37222170829773
