,prob_1,prob_2,prob_meas,time_single_gate,time_cx,time_meas,t1,t2,exact_q_exc,exact_f_exc,exp_value_q_exc,exp_value_f_exc,time_q_exc,time_f_exc
0,0,0.01,0.01,0,1,0,50000.0,50000.0,-2.166387448527459,-2.1663874485274657,-0.9934478342111047,-0.8497779008296882,54.97980523109436,54.932602882385254
1,0,0.001,0.001,0,1,0,50000.0,50000.0,-2.166387448527459,-2.1663874485274657,-1.980005913572497,-1.9357299101133323,50.76863622665405,55.165223598480225
2,0,0.0001,0.0001,0,1,0,50000.0,50000.0,-2.166387448527459,-2.1663874485274657,-2.1400274577597727,-2.132084135672898,50.97061848640442,56.380216121673584
3,0,1e-05,1e-05,0,1,0,50000.0,50000.0,-2.166387448527459,-2.1663874485274657,-2.157993871540979,-2.156902314964761,47.4996612071991,55.64386820793152
4,0,0.0,0.0,0,1,0,50000.0,50000.0,-2.166387448527459,-2.1663874485274657,-2.159506016171688,-2.1562299068706796,48.892571687698364,50.23311114311218
