,prob_1,prob_2,prob_meas,time_single_gate,time_cx,time_meas,t1,t2,exact_q_exc,exact_f_exc,exp_value_q_exc,exp_value_f_exc,time_q_exc,time_f_exc
0,0,1e-05,1e-05,0,0,0,50000.0,50000.0,-2.166387448527458,-2.166387448527465,-2.1649578016932156,-2.1641665804095367,412.5190405845642,513.7048585414886
1,0,1e-06,1e-06,0,0,0,50000.0,50000.0,-2.166387448527458,-2.166387448527465,-2.166115955476383,-2.1664017974461607,425.66097831726074,221.75060296058655
