,n_shots,ref E,noiseless E,noiseless time,noisy E,noisy time
0,100.0,-1.9824234617589416,-2.011984292555601,20.67206645011902,-1.1011927392460015,45.87281799316406
1,1000.0,-1.9824234617589416,-1.9924603611496785,21.192172288894653,-1.00438324492859,94.81136894226074
2,10000.0,-1.9824234617589416,-1.9812162181803388,22.556986808776855,-0.9945542980652765,441.87647461891174
