,element_num,noisy_energy,noisy_time,noiseless_energy,noiseless_time
0,1,-2.0636792786731344,231.1413586139679,-2.063751340810401,200.65158700942993
1,3,-2.002835443775807,287.15081548690796,-2.0028338401337433,203.85578608512878
2,5,-1.9318402859562358,306.0168058872223,-1.932331053866449,181.1031506061554
3,10,-1.886373462014829,389.7739453315735,-1.887241393494398,185.81417989730835
