,element_num,noisy_energy,noisy_time,noiseless_energy,noiseless_time
0,13,-1.8660771561680576,686.5206305980682,-1.8666918137059907,341.9245343208313
1,15,-1.860453400095436,728.9374525547028,-1.8608871002960163,339.44085478782654
