,iteration,energy,energy change,iteration duration,params
0,1,-2.0970668966451758,0.0014790401847384338,9.298324584960938e-05,"[ 0.18247941  0.10199824  0.06463495  0.05079814  0.07627187  0.05919886
 -0.037509   -0.06268901  0.03498629  0.03352449  0.0060891   0.01
  0.01        0.01      ]"
1,2,-1.518869635948432,0.5781972606967438,434.3072819709778,"[ 1.18247941  0.10199824  0.06463495  0.05079814  0.07627187  0.05919886
 -0.037509   -0.06268901  0.03498629  0.03352449  0.0060891   0.01
  0.01        0.01      ]"
2,3,-1.1057281798069154,0.41314145614151654,431.075510263443,"[ 0.18247941  1.10199824  0.06463495  0.05079814  0.07627187  0.05919886
 -0.037509   -0.06268901  0.03498629  0.03352449  0.0060891   0.01
  0.01        0.01      ]"
3,4,-1.1473125800953685,-0.041584400288453116,431.7645299434662,"[ 0.18247941  0.10199824  1.06463495  0.05079814  0.07627187  0.05919886
 -0.037509   -0.06268901  0.03498629  0.03352449  0.0060891   0.01
  0.01        0.01      ]"
4,5,-0.6235668075194021,0.5237457725759664,431.2969756126404,"[ 0.18247941  0.10199824  0.06463495  1.05079814  0.07627187  0.05919886
 -0.037509   -0.06268901  0.03498629  0.03352449  0.0060891   0.01
  0.01        0.01      ]"
5,6,-1.212276006916414,-0.5887091993970119,443.3111901283264,"[ 0.18247941  0.10199824  0.06463495  0.05079814  1.07627187  0.05919886
 -0.037509   -0.06268901  0.03498629  0.03352449  0.0060891   0.01
  0.01        0.01      ]"
