,iteration,energy,energy change,iteration duration,params
0,1,-2.098245182140218,0.00030075468969625874,0.00011444091796875,[0. 0. 0. 0. 0. 0. 0. 0. 0. 0. 0.]
1,2,-2.098644343824441,-0.00039916168422315934,215.551997423172,"[0.00025 0.      0.      0.      0.      0.      0.      0.      0.
 0.      0.     ]"
