,iteration,energy,energy change,iteration duration,params
0,1,-1.8072317275550773,0.29131420927483687,9.846687316894531e-05,[-0.1  0.9 -0.1 -0.1 -0.1 -0.1 -0.1 -0.1 -0.1 -0.1 -0.1]
1,2,-1.66494309609622,0.1422886314588574,196.98234176635742,[-0.1  0.9 -0.1 -0.1 -0.1 -0.1 -0.1 -0.1 -0.1 -0.1 -0.1]
2,3,-1.1526056057503513,0.5123374903458686,198.76197338104248,[-0.1  0.9 -0.1 -0.1 -0.1 -0.1 -0.1 -0.1 -0.1 -0.1 -0.1]
