,iteration,energy,energy change,iteration duration,params
0,1,-2.116935343598979,-0.018389406769064642,7.796287536621094e-05,[-0.1]
