,iteration,energy,energy change,iteration duration,params
0,1,-2.149013650071931,-0.05046771324201682,7.677078247070312e-05,"[ 0.18247941  0.10199824  0.06463495  0.05079814  0.07627187  0.05919886
 -0.037509   -0.06268901  0.03498629  0.03352449  0.0060891   0.01
  0.01      ]"
1,2,-1.551802125503058,0.5972115245688729,166.16424584388733,"[ 1.18247941  0.10199824  0.06463495  0.05079814  0.07627187  0.05919886
 -0.037509   -0.06268901  0.03498629  0.03352449  0.0060891   0.01
  0.01      ]"
