,iteration,energy,energy change,iteration duration,params
0,1,-2.0637240612425667,0.034821875587347506,9.059906005859375e-05,[0.1]
