,iteration,energy,energy change,iteration duration,params
0,1,-2.0575645830430176,0.0409813537868966,8.20159912109375e-05,[-0.1 -0.1  0.9 -0.1 -0.1 -0.1 -0.1 -0.1 -0.1 -0.1 -0.1]
1,2,-1.524215768215357,0.5333488148276606,196.20488619804382,[-0.1 -0.1  0.9 -0.1 -0.1 -0.1 -0.1 -0.1 -0.1 -0.1 -0.1]
2,3,-0.9911910551630556,0.5330247130523014,197.8611991405487,[-0.1 -0.1  0.9 -0.1 -0.1 -0.1 -0.1 -0.1 -0.1 -0.1 -0.1]
3,4,-1.0211884894488636,-0.029997434285808033,200.5477592945099,[-0.1 -0.1  0.9 -0.1 -0.1 -0.1 -0.1 -0.1 -0.1 -0.1 -0.1]
