,iteration,energy,energy change,iteration duration,params
0,1,-2.09828084762463,0.0002650892052842302,9.942054748535156e-05,[0. 0. 0. 0. 0. 0. 0. 0. 0. 0. 0.]
1,2,-2.0990984604057954,-0.0008176127811654332,207.11700296401978,"[0.00025 0.      0.      0.      0.      0.      0.      0.      0.
 0.      0.     ]"
2,3,-2.0989309789521644,0.00016748145363099098,211.43586826324463,"[0.      0.00025 0.      0.      0.      0.      0.      0.      0.
 0.      0.     ]"
