,num_elem,energy,time
0,1,-7.8389981687317425,582.4042410850525
1,5,-7.830339961893963,797.0303480625153
2,8,-7.827669662653732,896.9485876560211
3,11,-7.801544115071708,1161.9143028259277
4,15,-7.765129100529437,1390.983570098877
5,20,-7.729670117826791,1764.2258660793304
