,n_shots,ref E,noiseless E,noiseless time,noisy E,noisy time
0,100000.0,-1.9824234617589416,-1.981465544919972,37.26924395561218,-1.0006026388791087,3770.7806396484375
1,1000000.0,-1.9824234617589416,-1.9817839764008078,193.9142918586731,-0.9969743624423554,37191.213859558105
