,n_shots,exact_q_exc,exact_f_exc,exp_value_q_exc,exp_value_f_exc,time_q_exc,time_f_exc
0,100,-2.166387448527458,-2.166387448527465,-2.1856513146698724,-2.18372860416172,13.777112007141113,15.224183320999146
1,1000.0,-2.166387448527458,-2.166387448527465,-2.149699427930602,-2.1592744736692966,14.007048845291138,16.147950410842896
2,10000.0,-2.166387448527458,-2.166387448527465,-2.167484015102495,-2.1643824222726327,15.789413928985596,17.433990478515625
3,100000.0,-2.166387448527458,-2.166387448527465,-2.1640048238646212,-2.166027962310001,31.800946474075317,33.22423815727234
4,1000000.0,-2.166387448527458,-2.166387448527465,-2.165816608293434,-2.166500428276716,185.38164734840393,187.05194902420044
