,n_shots,exact_q_exc,exact_f_exc,exp_value_q_exc,exp_value_f_exc,time_q_exc,time_f_exc
0,100,-2.166387448527458,-2.166387448527465,-2.166156969068698,-2.187809113618867,14.35643744468689,16.188117504119873
1,1000.0,-2.166387448527458,-2.166387448527465,-2.1763186179570777,-2.147318460343701,14.299763202667236,16.049131870269775
2,10000.0,-2.166387448527458,-2.166387448527465,-2.165337148340574,-2.165787198675091,16.12964153289795,18.35707402229309
3,100000.0,-2.166387448527458,-2.166387448527465,-2.1643678889238616,-2.1696009802883016,32.31525373458862,34.33105707168579
4,1000000.0,-2.166387448527458,-2.166387448527465,-2.1663534712249577,-2.1659273542854094,191.88463473320007,192.24905633926392
