,n_shots,exact_q_exc,exact_f_exc,exp_value_q_exc,exp_value_f_exc,time_q_exc,time_f_exc
0,100,-2.166387448527458,-2.166387448527465,-2.190831145467104,-2.166085163509949,13.107873439788818,14.72606897354126
1,1000.0,-2.166387448527458,-2.166387448527465,-2.1636292568510354,-2.1548439281918768,13.278648853302002,16.1738862991333
2,10000.0,-2.166387448527458,-2.166387448527465,-2.1673785004675734,-2.164652538597673,16.19506025314331,18.354616165161133
3,100000.0,-2.166387448527458,-2.166387448527465,-2.1656408028571117,-2.1660985294685213,32.1966438293457,33.8114755153656
4,1000000.0,-2.166387448527458,-2.166387448527465,-2.1658372497453153,-2.1664093359878662,187.21725249290466,188.79996514320374
