,n_shots,exact_q_exc,exact_f_exc,exp_value_q_exc,exp_value_f_exc,time_q_exc,time_f_exc
0,100,-2.166387448527458,-2.166387448527465,-2.137380452773871,-2.201292639546642,13.97234058380127,15.723330974578857
1,1000.0,-2.166387448527458,-2.166387448527465,-2.152386199905447,-2.1738993220332685,14.443150520324707,16.75092315673828
2,10000.0,-2.166387448527458,-2.166387448527465,-2.1645725464054455,-2.172276774407557,15.915608882904053,17.970186710357666
3,100000.0,-2.166387448527458,-2.166387448527465,-2.164346934078501,-2.167491340347477,32.620205879211426,33.676817178726196
4,1000000.0,-2.166387448527458,-2.166387448527465,-2.166259333351743,-2.1670534045144,185.93617844581604,188.14014291763306
