,i,q_exact,q_energy,q_time,f_exact,f_energy,f_time
0,1,-2.1641790513805517,-2.170643538936302,9.39806318283081,-2.1650602381709065,-2.152102353113056,9.981689929962158
1,2,-2.1641790513805517,-2.165672635363276,9.871295690536499,-2.1650602381709065,-2.166381439631283,10.101302146911621
