,rank,ansatz_element,gradient
0,10,"d_q_exc_[2, 3]_[4, 5]",-0.023372589703750498
1,9,s_q_exc_3_7,-0.027462893103566317
2,8,"d_q_exc_[4, 5]_[6, 7]",-0.02870232195965131
3,7,s_q_exc_2_6,0.030335368937875598
4,6,"d_q_exc_[1, 2]_[5, 6]",0.03137508024845456
5,5,"d_q_exc_[1, 3]_[5, 7]",-0.06502126313137699
6,4,"d_q_exc_[0, 2]_[4, 6]",-0.06510223837500044
7,3,"d_q_exc_[0, 3]_[5, 6]",-0.1075161608638979
8,2,"d_q_exc_[1, 2]_[4, 7]",-0.10764530406804816
9,1,"d_q_exc_[2, 3]_[6, 7]",0.14206304628415672
