,rank,ansatz_element,gradient
0,10,"d_q_exc_[0, 3]_[4, 7]",0.006109026641552228
1,9,"d_q_exc_[1, 2]_[4, 7]",0.010059222748640228
2,8,"d_q_exc_[2, 3]_[6, 7]",-0.010240299446530324
3,7,"d_q_exc_[1, 3]_[5, 7]",-0.014296752473446198
4,6,"d_q_exc_[0, 1]_[6, 7]",-0.01486222336207741
5,5,"d_q_exc_[0, 3]_[5, 6]",0.018032476903249176
6,4,s_q_exc_2_6,0.018945967232268966
7,3,"d_q_exc_[0, 1]_[4, 5]",0.019076812178673918
8,2,s_q_exc_3_7,-0.01946181474476218
9,1,"d_q_exc_[2, 3]_[4, 5]",0.04779408853213668
